<?xml version="1.0" encoding="UTF-8" standalone="yes"?>
<?xml-stylesheet type="text/xsl" href="modx.prosilver.en.xsl"?>
<!--NOTICE: Please open this file in your web browser. If presented with a security warning, you may safely tell it to allow the blocked content.-->
<!--For security purposes, please check: http://www.phpbb.com/mods/ for the latest version of this MOD.\nAlthough MODs are checked before being allowed in the MODs Database there is no guarantee that there are no security problems within the MOD.\nNo support will be given for MODs not found within the MODs Database which can be found at http://www.phpbb.com/mods/-->
<mod xmlns:xsi="http://www.w3.org/2001/XMLSchema-instance" xmlns="http://www.phpbb.com/mods/xml/modx-1.2.5.xsd">
	<header>
		<meta name="generator" content="MODX file generated with PP MODX Creator by tumba25 (online version)"/>
		<license><![CDATA[http://opensource.org/licenses/gpl-license.php GNU General Public License v2]]></license>
		<title lang="en"><![CDATA[Favicon 1.0.2]]></title>
		<description lang="en"><![CDATA[This MOD allows you to add a favicon to be displayed on browsers.]]></description>
		<author-group>
			<author>
				<username><![CDATA[Nidhal]]></username>
			</author>
			<author>
				<username><![CDATA[randomessence]]></username>
				<homepage><![CDATA[https://github.com/randomessence/favicon_mod]]></homepage>
			</author>
		</author-group>
		<mod-version>1.0.2</mod-version>
		<installation>
			<level>easy</level>
			<time>180</time>
			<target-version>3.0.11</target-version>
		</installation>
	</header>
	<action-group>
		<open src="styles/subsilver2/template/overall_header.html">
			<edit>
				<find><![CDATA[<title>{SITENAME} &bull; <!-- IF S_IN_MCP -->{L_MCP} &bull; <!-- ELSEIF S_IN_UCP -->{L_UCP} &bull; <!-- ENDIF -->{PAGE_TITLE}</title>]]></find>
				<action type="after-add"><![CDATA[<!-- IF FAVICON --><link rel="shortcut icon" href="{ROOT_PATH}{FAVICON}" type="image/x-icon" /><!-- ENDIF -->]]></action>
			</edit>
		</open>
	</action-group>
</mod>
